Designator,Mid X,Mid Y,Layer,Rotation
C16,1.523mm,-6.901mm,Top,90.0
C28,-7.363mm,-4.499mm,Top,0.0
R11,-13.173mm,7.179mm,Top,0.0
L4,-4.475mm,-1.016mm,Top,0.0
U2,-0.853mm,6.150mm,Top,0.0
R12,-14.303mm,5.599mm,Top,0.0
R8,-15.674mm,-6.595mm,Top,90.0
C7,8.600mm,6.600mm,Top,90.0
U4,-13.725mm,-6.617mm,Top,0.0
C5,11.200mm,2.200mm,Top,0.0
D3,-7.398mm,-1.326mm,Top,90.0
C13,-12.730mm,5.968mm,Top,90.0
C11,10.500mm,-2.280mm,Top,90.0
SW1,5.500mm,6.400mm,Top,180.0
C27,-7.363mm,-3.499mm,Top,0.0
D2,-4.754mm,-3.811mm,Top,0.0
Y1,10.000mm,-6.300mm,Top,0.0
C30,-8.839mm,-7.494mm,Top,0.0
SW4,-5.200mm,-6.400mm,Top,0.0
U6,0.500mm,-1.400mm,Top,0.0
C29,-8.950mm,-6.187mm,Top,0.0
J1,-10.350mm,0.000mm,Top,90.0
D4,-9.728mm,6.827mm,Top,0.0
C24,-7.300mm,3.000mm,Top,90.0
C15,-0.464mm,-7.244mm,Top,0.0
C25,-2.050mm,2.000mm,Top,90.0
C26,-7.550mm,1.000mm,Top,0.0
U1,6.000mm,0.000mm,Top,180.0
U5,0.500mm,2.200mm,Top,90.0
U3,-1.000mm,-4.600mm,Top,0.0
L2,11.200mm,1.000mm,Top,0.0
R3,-1.108mm,1.332mm,Top,90.0
R4,2.409mm,-6.990mm,Top,90.0
C8,8.739mm,4.950mm,Top,90.0
R1,1.424mm,-3.527mm,Top,90.0
C9,9.750mm,5.200mm,Top,90.0
C3,11.200mm,-1.000mm,Top,0.0
R7,-11.550mm,-6.600mm,Top,90.0
C10,1.479mm,-5.191mm,Top,90.0
C20,10.612mm,4.470mm,Top,90.0
Q2,-14.696mm,7.124mm,Top,90.0
Q1,-4.600mm,2.600mm,Top,0.0
L1,2.424mm,-5.477mm,Top,90.0
C17,-10.414mm,-6.648mm,Top,90.0
C1,11.034mm,-4.228mm,Top,0.0
C2,11.038mm,-0.115mm,Top,0.0
R2,-11.800mm,6.600mm,Top,90.0
C19,-7.452mm,4.474mm,Top,0.0
SW2,5.500mm,-6.400mm,Top,0.0
D1,1.704mm,6.062mm,Top,90.0
SW3,-5.200mm,6.400mm,Top,180.0
C22,-1.764mm,-1.049mm,Top,90.0
R13,9.505mm,7.287mm,Top,90.0
C18,-1.812mm,3.589mm,Top,0.0
L3,11.320mm,-2.600mm,Top,0.0
C6,11.200mm,3.300mm,Top,0.0
