Comment,Designator,Footprint,LCSC Part #
ESP32-S3FN8,U1,QFN-56-1EP_7x7mm_P0.4mm_EP4x4mm_Espressif,C2913196
40MHz 12pF,Y1,Crystal_SMD_2520-4Pin_2.5x2.0mm,C19076867
18pF,"C1,C2,C32,C33",C_0201_0603Metric,C62164
32.768kHz 12.5pF,Y2,CRYSTAL-SMD_L2.1-W1.2-P1.50,C403709
24nH,L1,L_0201_0603Metric,C2991767
2nH,L2,L_0201_0603Metric,C86125
1uF,"C3,C6,C8,C10,C14",C_0201_0603Metric,C76935
10uF,"C5,C15,C17,C35",C_0402_1005Metric,C15525
10nF,"C36,C19",C_0201_0603Metric,C326875
100nF,"C7,C34,C9,C18,C20,C31",C_0201_0603Metric,C66938
10k,"R1,R5",R_0201_0603Metric,C473048
0.5pF,C11,C_0201_0603Metric,C85920
0.8nH,L3,L_0201_0603Metric,C156227
BQ25101,U2,DSBGA-6_L0.9-W1.6-R2-C3-P0.40-BL,C478468
6.8k,R2,R_0201_0603Metric,C274877
2.7k,R7,R_0201_0603Metric,C273271
4.7uF/25V,"C13,C22",C_0402_1005Metric,C2858031
TPS62840,U3,DSBGA-6_L1.4-W1.0-R2-C3-P0.40-BL,C2071139
2.2uH,L5,IND-SMD_L1.6-W0.8,C31123918
267k,R6,R_0201_0603Metric,C423627
10M,"R3,R4",R_0201_0603Metric,C3036920
USBLC6-2P6,U4,SOT-666,C15999
LIS2DUX12,U6,LGA-12_L2.0-W2.0-P0.50-TL_LIS2DUX12TR,C17548754
FH34SRJ-18S-0.5SH(50),J1,FFC-SMD_18P-P0.50_FH34SRJ-18S-0.5SH,C3169386
PMZ390UN,"Q1,Q2",SOT-883-3_L1.0-W0.6-BR,C458236
47uH,L4,IND-SMD_L3.0-W3.0_SWPA3010S,C96826
1M,"R11,R13",R_0201_0603Metric,C295786
2.2,R12,R_0402_1005Metric,C327251
PMEG3002AEL,"D1,D2,D3,D4",SOD-882_L1.0-W0.6-RD,C478015
2.2uF/25V,"C24,C25,C28,C29",C_0402_1005Metric,C307418
1uF/25V,"C26,C27,C30",C_0402_1005Metric,C52923
LMD2718T261,MIC1,MIC-SMD_6P-L2.8-W1.9-P0.98-TL,C5373237
510,"R14,R15,R16,R17",R_0201_0603Metric,C304550
